{
  "mae": 13.65913138499421,
  "rmse": 22.679369306418497,
  "r2": 0.713870383454942,
  "training_samples": 619,
  "test_samples": 155,
  "features_count": 16
}